{
  "hash": "c987e4ba",
  "configHash": "92ab293e",
  "lockfileHash": "79677ffc",
  "browserHash": "75937d43",
  "optimized": {
    "@angular/common": {
      "src": "../../../../../../node_modules/@angular/common/fesm2022/common.mjs",
      "file": "@angular_common.js",
      "fileHash": "bb52df6e",
      "needsInterop": false
    },
    "@angular/common/http": {
      "src": "../../../../../../node_modules/@angular/common/fesm2022/http.mjs",
      "file": "@angular_common_http.js",
      "fileHash": "5df7f524",
      "needsInterop": false
    },
    "@angular/core": {
      "src": "../../../../../../node_modules/@angular/core/fesm2022/core.mjs",
      "file": "@angular_core.js",
      "fileHash": "8ecc1a53",
      "needsInterop": false
    },
    "@angular/platform-browser": {
      "src": "../../../../../../node_modules/@angular/platform-browser/fesm2022/platform-browser.mjs",
      "file": "@angular_platform-browser.js",
      "fileHash": "65162a3f",
      "needsInterop": false
    },
    "@angular/router": {
      "src": "../../../../../../node_modules/@angular/router/fesm2022/router.mjs",
      "file": "@angular_router.js",
      "fileHash": "dd090846",
      "needsInterop": false
    },
    "rxjs": {
      "src": "../../../../../../node_modules/rxjs/dist/esm5/index.js",
      "file": "rxjs.js",
      "fileHash": "41ee2595",
      "needsInterop": false
    }
  },
  "chunks": {
    "chunk-7AM3R3O3": {
      "file": "chunk-7AM3R3O3.js"
    },
    "chunk-2FR3BTHA": {
      "file": "chunk-2FR3BTHA.js"
    },
    "chunk-BCJXMII6": {
      "file": "chunk-BCJXMII6.js"
    },
    "chunk-BTUNDUPZ": {
      "file": "chunk-BTUNDUPZ.js"
    },
    "chunk-S35MAB2V": {
      "file": "chunk-S35MAB2V.js"
    }
  }
}